Conjecture ID;Conjecture;Subgroup;X;Y;Sign;Coefficients;Intercept;Degree;Method;Simplification;Status;Counter example (g6);N Graphs Evaluated;Execution Time (seconds);Counter example order;Counter X;Counter Y;Ratio;Counter Method;order;size;diameter;radius;density;minimum_degree;maximum_degree;average_degree;clique_number;triangle_number;domination_number;total_domination_number;independence_number;vertex_cover_number;independent_domination_number;matching_number;randic_index;harmonic_index;first_zagreb_index;second_zagreb_index;proximity;remoteness;largest_eigenvalue;largest_distance_eigenvalue;second_smallest_laplace_eigenvalue
886;If G is a connected graph, x = maximum_degree and y = triangle_number, then y(G) <= - 1/6 * x(G) + 1/6 * x(G)ł;['connected'];maximum_degree;triangle_number;<=;['-1/6', '0', '1/6'];0;3;Polynomial Regression;If G is a connected graph, x = maximum_degree and y = triangle_number, then y(G) <= - 0.17 * x(G) + 0.17 * x(G)ł;REJECTED;~?@YWK??C????_?????O@??BG@????????????B?W???C????C????????????????@A???KC?G??????G?????????@????M???WG??????@?????@??g????C??????????@?G??????????????????????????_??B??B??????B????????_??????@?????????A????????????C????????_??????????????????G????????W?????_??[??????????????????G??????@?@_??????????????????@?@AA?????@_???????????????????@?????????@{?????????????????????G?????????????????????????????????G??????????@_??????????F???????????~?????o??????????????G?????@???????????????????????????????????G????????????W???????K??G?[__????G???????????????????G?????????????_????????????????????????????M????A??????@_???????????????????????????@??????????????K?????????w????w;1860;1,68;90;6;39;1;Filter + Tabu;FALSE;FALSE;FALSE;FALSE;FALSE;FALSE;TRUE;FALSE;FALSE;TRUE;FALSE;FALSE;FALSE;FALSE;FALSE;FALSE;FALSE;FALSE;FALSE;FALSE;FALSE;FALSE;FALSE;FALSE;FALSE
980;If G is a connected graph, x = average_degree and y = clique_number, then y(G) <= - 1/2 + 15/8 * x(G);['connected'];average_degree;clique_number;<=;['15/8'];-1/2;1;Convex Hull;If G is a connected graph, x = average_degree and y = clique_number, then y(G) <= - 0.5 + 1.88 * x(G);REJECTED;;30;0,01;14;2,714285714;5;1;Filter + Tabu;FALSE;FALSE;FALSE;FALSE;FALSE;FALSE;FALSE;TRUE;TRUE;FALSE;FALSE;FALSE;FALSE;FALSE;FALSE;FALSE;FALSE;FALSE;FALSE;FALSE;FALSE;FALSE;FALSE;FALSE;FALSE
981;If G is a connected graph, x = average_degree and y = clique_number, then y(G) <= 5/3 * x(G);['connected'];average_degree;clique_number;<=;['5/3'];0;1;Convex Hull;If G is a connected graph, x = average_degree and y = clique_number, then y(G) <= 1.67 * x(G);REJECTED;VsaCCA?_C?O?_?????G?B??]?@{?????C??@???G???_;30;0,01;23;2,434782609;5;1;Filter + Tabu;FALSE;FALSE;FALSE;FALSE;FALSE;FALSE;FALSE;TRUE;TRUE;FALSE;FALSE;FALSE;FALSE;FALSE;FALSE;FALSE;FALSE;FALSE;FALSE;FALSE;FALSE;FALSE;FALSE;FALSE;FALSE
1177;If G is a connected graph, x = clique_number and y = average_degree, then y(G) >= 4/15 + 8/15 * x(G);['connected'];clique_number;average_degree;>=;['8/15'];4/15;1;Convex Hull;If G is a connected graph, x = clique_number and y = average_degree, then y(G) >= 0.27 + 0.53 * x(G);REJECTED;;30;0,01;17;5;2,588235294;1;Filter + Tabu;FALSE;FALSE;FALSE;FALSE;FALSE;FALSE;FALSE;TRUE;TRUE;FALSE;FALSE;FALSE;FALSE;FALSE;FALSE;FALSE;FALSE;FALSE;FALSE;FALSE;FALSE;FALSE;FALSE;FALSE;FALSE
1178;If G is a connected graph, x = clique_number and y = average_degree, then y(G) >= 3/5 * x(G);['connected'];clique_number;average_degree;>=;['3/5'];0;1;Convex Hull;If G is a connected graph, x = clique_number and y = average_degree, then y(G) >= 0.6 * x(G);REJECTED;;30;0,01;23;4;2,173913043;1;Filter + Tabu;FALSE;FALSE;FALSE;FALSE;FALSE;FALSE;FALSE;TRUE;TRUE;FALSE;FALSE;FALSE;FALSE;FALSE;FALSE;FALSE;FALSE;FALSE;FALSE;FALSE;FALSE;FALSE;FALSE;FALSE;FALSE
1191;If G is a connected graph, x = clique_number and y = minimum_degree, then y(G) <= 106807/693000 + 29551/8316 * x(G) - 39/77 * x(G)˛ + 29/1188 * x(G)ł;['connected'];clique_number;minimum_degree;<=;['29551/8316', '-39/77', '29/1188'];106807/693000;3;Polynomial Regression;If G is a connected graph, x = clique_number and y = minimum_degree, then y(G) <= 0.15 + 3.55 * x(G) - 0.51 * x(G)˛ + 0.02 * x(G)ł;REJECTED;J~~~~~~z|~_;3120;4,64;11;9;9;1;Filter + Tabu;FALSE;FALSE;FALSE;FALSE;FALSE;TRUE;FALSE;FALSE;TRUE;FALSE;FALSE;FALSE;FALSE;FALSE;FALSE;FALSE;FALSE;FALSE;FALSE;FALSE;FALSE;FALSE;FALSE;FALSE;FALSE
1466;If G is a connected graph, x = domination_number and y = independent_domination_number, then y(G) <= - 51407/7000 + 254/21 * x(G) - 25/7 * x(G)˛ + 1/3 * x(G)ł;['connected'];domination_number;independent_domination_number;<=;['254/21', '-25/7', '1/3'];-51407/7000;3;Polynomial Regression;If G is a connected graph, x = domination_number and y = independent_domination_number, then y(G) <= - 7.34 + 12.1 * x(G) - 3.57 * x(G)˛ + 0.33 * x(G)ł;REJECTED;RWGK?OA@??????OB_???@??K??w`Bw;90;7,33;19;5;6;1;Filter + Tabu;FALSE;FALSE;FALSE;FALSE;FALSE;FALSE;FALSE;FALSE;FALSE;FALSE;TRUE;FALSE;FALSE;FALSE;TRUE;FALSE;FALSE;FALSE;FALSE;FALSE;FALSE;FALSE;FALSE;FALSE;FALSE
1566;If G is a connected graph, x = total_domination_number and y = independence_number, then y(G) >= - 1 + x(G);['connected'];total_domination_number;independence_number;>=;['1'];-1;1;Convex Hull;If G is a connected graph, x = total_domination_number and y = independence_number, then y(G) >= - 1 + x(G);REJECTED;;300;31,69;18;11;9;1;Filter + Tabu;FALSE;FALSE;FALSE;FALSE;FALSE;FALSE;FALSE;FALSE;FALSE;FALSE;FALSE;TRUE;TRUE;FALSE;FALSE;FALSE;FALSE;FALSE;FALSE;FALSE;FALSE;FALSE;FALSE;FALSE;FALSE
1587;If G is a connected graph, x = total_domination_number and y = matching_number, then y(G) >= - 1/3 + 2/3 * x(G);['connected'];total_domination_number;matching_number;>=;['2/3'];-1/3;1;Convex Hull;If G is a connected graph, x = total_domination_number and y = matching_number, then y(G) >= - 0.33 + 0.67 * x(G);REJECTED;;480;50,12;25;10;6;1;Filter + Tabu;FALSE;FALSE;FALSE;FALSE;FALSE;FALSE;FALSE;FALSE;FALSE;FALSE;FALSE;TRUE;FALSE;FALSE;FALSE;TRUE;FALSE;FALSE;FALSE;FALSE;FALSE;FALSE;FALSE;FALSE;FALSE
1588;If G is a connected graph, x = total_domination_number and y = matching_number, then y(G) >= - 2 + x(G);['connected'];total_domination_number;matching_number;>=;['1'];-2;1;Convex Hull;If G is a connected graph, x = total_domination_number and y = matching_number, then y(G) >= - 2 + x(G);REJECTED;;120;10,3;31;17;14;1;Filter + Tabu;FALSE;FALSE;FALSE;FALSE;FALSE;FALSE;FALSE;FALSE;FALSE;FALSE;FALSE;TRUE;FALSE;FALSE;FALSE;TRUE;FALSE;FALSE;FALSE;FALSE;FALSE;FALSE;FALSE;FALSE;FALSE
1600;If G is a connected graph, x = total_domination_number and y = vertex_cover_number, then y(G) >= - 1/3 + 2/3 * x(G);['connected'];total_domination_number;vertex_cover_number;>=;['2/3'];-1/3;1;Convex Hull;If G is a connected graph, x = total_domination_number and y = vertex_cover_number, then y(G) >= - 0.33 + 0.67 * x(G);REJECTED;;1410;155,74;14;7;4;1;Filter + Tabu;FALSE;FALSE;FALSE;FALSE;FALSE;FALSE;FALSE;FALSE;FALSE;FALSE;FALSE;TRUE;FALSE;TRUE;FALSE;FALSE;FALSE;FALSE;FALSE;FALSE;FALSE;FALSE;FALSE;FALSE;FALSE
1601;If G is a connected graph, x = total_domination_number and y = vertex_cover_number, then y(G) >= - 2 + x(G);['connected'];total_domination_number;vertex_cover_number;>=;['1'];-2;1;Convex Hull;If G is a connected graph, x = total_domination_number and y = vertex_cover_number, then y(G) >= - 2 + x(G);REJECTED;P_?K_SOGC?_?_@?_?????O?K;180;18,69;17;10;7;1;Filter + Tabu;FALSE;FALSE;FALSE;FALSE;FALSE;FALSE;FALSE;FALSE;FALSE;FALSE;FALSE;TRUE;FALSE;TRUE;FALSE;FALSE;FALSE;FALSE;FALSE;FALSE;FALSE;FALSE;FALSE;FALSE;FALSE
1708;If G is a connected graph, x = independence_number and y = total_domination_number, then y(G) <= 1 + x(G);['connected'];independence_number;total_domination_number;<=;['1'];1;1;Convex Hull;If G is a connected graph, x = independence_number and y = total_domination_number, then y(G) <= 1 + x(G);REJECTED;OdOGEC??G@_N?N??_?GCG;330;34,04;16;6;8;1;Filter + Tabu;FALSE;FALSE;FALSE;FALSE;FALSE;FALSE;FALSE;FALSE;FALSE;FALSE;FALSE;TRUE;TRUE;FALSE;FALSE;FALSE;FALSE;FALSE;FALSE;FALSE;FALSE;FALSE;FALSE;FALSE;FALSE
1880;If G is a connected graph, x = vertex_cover_number and y = independent_domination_number, then y(G) <= - 3 + 4 * x(G);['connected'];vertex_cover_number;independent_domination_number;<=;['4'];-3;1;Convex Hull;If G is a connected graph, x = vertex_cover_number and y = independent_domination_number, then y(G) <= - 3 + 4 * x(G);REJECTED;MsaC??????????_^_;300;35,08;14;2;7;1;Filter + Tabu;FALSE;FALSE;FALSE;FALSE;FALSE;FALSE;FALSE;FALSE;FALSE;FALSE;FALSE;FALSE;FALSE;TRUE;TRUE;FALSE;FALSE;FALSE;FALSE;FALSE;FALSE;FALSE;FALSE;FALSE;FALSE
1891;If G is a connected graph, x = vertex_cover_number and y = total_domination_number, then y(G) <= 1/2 + 3/2 * x(G);['connected'];vertex_cover_number;total_domination_number;<=;['3/2'];1/2;1;Convex Hull;If G is a connected graph, x = vertex_cover_number and y = total_domination_number, then y(G) <= 0.5 + 1.5 * x(G);REJECTED;;570;63,23;15;4;7;1;Filter + Tabu;FALSE;FALSE;FALSE;FALSE;FALSE;FALSE;FALSE;FALSE;FALSE;FALSE;FALSE;TRUE;FALSE;TRUE;FALSE;FALSE;FALSE;FALSE;FALSE;FALSE;FALSE;FALSE;FALSE;FALSE;FALSE
2041;If G is a connected graph, x = independent_domination_number and y = matching_number, then y(G) >= 3/4 + 1/4 * x(G);['connected'];independent_domination_number;matching_number;>=;['1/4'];3/4;1;Convex Hull;If G is a connected graph, x = independent_domination_number and y = matching_number, then y(G) >= 0.75 + 0.25 * x(G);REJECTED;;1080;131,07;20;7;2;1;Filter + Tabu;FALSE;FALSE;FALSE;FALSE;FALSE;FALSE;FALSE;FALSE;FALSE;FALSE;FALSE;FALSE;FALSE;FALSE;TRUE;TRUE;FALSE;FALSE;FALSE;FALSE;FALSE;FALSE;FALSE;FALSE;FALSE
2051;If G is a connected graph, x = independent_domination_number and y = vertex_cover_number, then y(G) >= 3/4 + 1/4 * x(G);['connected'];independent_domination_number;vertex_cover_number;>=;['1/4'];3/4;1;Convex Hull;If G is a connected graph, x = independent_domination_number and y = vertex_cover_number, then y(G) >= 0.75 + 0.25 * x(G);REJECTED;;480;56,04;15;6;2;1;Filter + Tabu;FALSE;FALSE;FALSE;FALSE;FALSE;FALSE;FALSE;FALSE;FALSE;FALSE;FALSE;FALSE;FALSE;TRUE;TRUE;FALSE;FALSE;FALSE;FALSE;FALSE;FALSE;FALSE;FALSE;FALSE;FALSE
2117;If G is a connected graph, x = matching_number and y = independent_domination_number, then y(G) <= - 51407/7000 + 254/21 * x(G) - 25/7 * x(G)˛ + 1/3 * x(G)ł;['connected'];matching_number;independent_domination_number;<=;['254/21', '-25/7', '1/3'];-51407/7000;3;Polynomial Regression;If G is a connected graph, x = matching_number and y = independent_domination_number, then y(G) <= - 7.34 + 12.1 * x(G) - 3.57 * x(G)˛ + 0.33 * x(G)ł;REJECTED;;60;6,24;18;3;6;1;Filter + Tabu;FALSE;FALSE;FALSE;FALSE;FALSE;FALSE;FALSE;FALSE;FALSE;FALSE;FALSE;FALSE;FALSE;FALSE;TRUE;TRUE;FALSE;FALSE;FALSE;FALSE;FALSE;FALSE;FALSE;FALSE;FALSE
2120;If G is a connected graph, x = matching_number and y = total_domination_number, then y(G) <= 1/2 + 3/2 * x(G);['connected'];matching_number;total_domination_number;<=;['3/2'];1/2;1;Convex Hull;If G is a connected graph, x = matching_number and y = total_domination_number, then y(G) <= 0.5 + 1.5 * x(G);REJECTED;;2310;185,27;26;8;13;1;Filter + Tabu;FALSE;FALSE;FALSE;FALSE;FALSE;FALSE;FALSE;FALSE;FALSE;FALSE;FALSE;TRUE;FALSE;FALSE;FALSE;TRUE;FALSE;FALSE;FALSE;FALSE;FALSE;FALSE;FALSE;FALSE;FALSE
2121;If G is a connected graph, x = matching_number and y = total_domination_number, then y(G) <= 2 + x(G);['connected'];matching_number;total_domination_number;<=;['1'];2;1;Convex Hull;If G is a connected graph, x = matching_number and y = total_domination_number, then y(G) <= 2 + x(G);REJECTED;\`C?G???G?_@?A???_G?@??C??GA??A??@_????????????W@?F????_???G???@A?G??;360;39,97;29;11;14;1;Filter + Tabu;FALSE;FALSE;FALSE;FALSE;FALSE;FALSE;FALSE;FALSE;FALSE;FALSE;FALSE;TRUE;FALSE;FALSE;FALSE;TRUE;FALSE;FALSE;FALSE;FALSE;FALSE;FALSE;FALSE;FALSE;FALSE
4247;If G is a connected graph, tree, x = diameter and y = independent_domination_number, then y(G) <= - 7 + 4 * x(G);['connected', 'tree'];diameter;independent_domination_number;<=;['4'];-7;1;Convex Hull;If G is a connected graph, tree, x = diameter and y = independent_domination_number, then y(G) <= - 7 + 4 * x(G);REJECTED;;180;10,13;21;4;10;1;Filter + Tabu;FALSE;FALSE;TRUE;FALSE;FALSE;FALSE;FALSE;FALSE;FALSE;FALSE;FALSE;FALSE;FALSE;FALSE;TRUE;FALSE;FALSE;FALSE;FALSE;FALSE;FALSE;FALSE;FALSE;FALSE;FALSE
4668;If G is a connected graph, tree, x = vertex_cover_number and y = independent_domination_number, then y(G) <= - 51407/7000 + 254/21 * x(G) - 25/7 * x(G)˛ + 1/3 * x(G)ł;['connected', 'tree'];vertex_cover_number;independent_domination_number;<=;['254/21', '-25/7', '1/3'];-51407/7000;3;Polynomial Regression;If G is a connected graph, tree, x = vertex_cover_number and y = independent_domination_number, then y(G) <= - 7.34 + 12.1 * x(G) - 3.57 * x(G)˛ + 0.33 * x(G)ł;REJECTED;;150;15,69;16;5;7;1;Filter + Tabu;FALSE;FALSE;FALSE;FALSE;FALSE;FALSE;FALSE;FALSE;FALSE;FALSE;FALSE;FALSE;FALSE;TRUE;TRUE;FALSE;FALSE;FALSE;FALSE;FALSE;FALSE;FALSE;FALSE;FALSE;FALSE
4712;If G is a connected graph, tree, x = independent_domination_number and y = diameter, then y(G) >= 7/4 + 1/4 * x(G);['connected', 'tree'];independent_domination_number;diameter;>=;['1/4'];7/4;1;Convex Hull;If G is a connected graph, tree, x = independent_domination_number and y = diameter, then y(G) >= 1.75 + 0.25 * x(G);REJECTED;;450;23,81;22;10;4;1;Filter + Tabu;FALSE;FALSE;TRUE;FALSE;FALSE;FALSE;FALSE;FALSE;FALSE;FALSE;FALSE;FALSE;FALSE;FALSE;TRUE;FALSE;FALSE;FALSE;FALSE;FALSE;FALSE;FALSE;FALSE;FALSE;FALSE
5952;If G is a connected graph, claw_free, x = diameter and y = independence_number, then y(G) <= 2 + x(G);['claw_free', 'connected'];diameter;independence_number;<=;['1'];2;1;Convex Hull;If G is a connected graph, claw_free, x = diameter and y = independence_number, then y(G) <= 2 + x(G);REJECTED;;300;51,65;29;6;9;1;Filter + Tabu;FALSE;FALSE;TRUE;FALSE;FALSE;FALSE;FALSE;FALSE;FALSE;FALSE;FALSE;FALSE;TRUE;FALSE;FALSE;FALSE;FALSE;FALSE;FALSE;FALSE;FALSE;FALSE;FALSE;FALSE;FALSE
5994;If G is a connected graph, claw_free, x = radius and y = domination_number, then y(G) <= - 61407/7000 + 667/42 * x(G) - 155/28 * x(G)˛ + 7/12 * x(G)ł;['claw_free', 'connected'];radius;domination_number;<=;['667/42', '-155/28', '7/12'];-61407/7000;3;Polynomial Regression;If G is a connected graph, claw_free, x = radius and y = domination_number, then y(G) <= - 8.77 + 15.88 * x(G) - 5.54 * x(G)˛ + 0.58 * x(G)ł;REJECTED;;60;8,52;18;4;4;1;Filter + Tabu;FALSE;FALSE;FALSE;TRUE;FALSE;FALSE;FALSE;FALSE;FALSE;FALSE;TRUE;FALSE;FALSE;FALSE;FALSE;FALSE;FALSE;FALSE;FALSE;FALSE;FALSE;FALSE;FALSE;FALSE;FALSE
5996;If G is a connected graph, claw_free, x = radius and y = total_domination_number, then y(G) <= - 36207/7000 + 218/21 * x(G) - 23/7 * x(G)˛ + 1/3 * x(G)ł;['claw_free', 'connected'];radius;total_domination_number;<=;['218/21', '-23/7', '1/3'];-36207/7000;3;Polynomial Regression;If G is a connected graph, claw_free, x = radius and y = total_domination_number, then y(G) <= - 5.17 + 10.38 * x(G) - 3.29 * x(G)˛ + 0.33 * x(G)ł;REJECTED;;60;6,53;22;5;7;1;Filter + Tabu;FALSE;FALSE;FALSE;TRUE;FALSE;FALSE;FALSE;FALSE;FALSE;FALSE;FALSE;TRUE;FALSE;FALSE;FALSE;FALSE;FALSE;FALSE;FALSE;FALSE;FALSE;FALSE;FALSE;FALSE;FALSE
5998;If G is a connected graph, claw_free, x = radius and y = independence_number, then y(G) <= - 19407/7000 + 115/14 * x(G) - 71/28 * x(G)˛ + 1/4 * x(G)ł;['claw_free', 'connected'];radius;independence_number;<=;['115/14', '-71/28', '1/4'];-19407/7000;3;Polynomial Regression;If G is a connected graph, claw_free, x = radius and y = independence_number, then y(G) <= - 2.77 + 8.21 * x(G) - 2.54 * x(G)˛ + 0.25 * x(G)ł;REJECTED;;210;31,61;25;5;7;1;Filter + Tabu;FALSE;FALSE;FALSE;TRUE;FALSE;FALSE;FALSE;FALSE;FALSE;FALSE;FALSE;FALSE;TRUE;FALSE;FALSE;FALSE;FALSE;FALSE;FALSE;FALSE;FALSE;FALSE;FALSE;FALSE;FALSE
6000;If G is a connected graph, claw_free, x = radius and y = independent_domination_number, then y(G) <= - 61407/7000 + 667/42 * x(G) - 155/28 * x(G)˛ + 7/12 * x(G)ł;['claw_free', 'connected'];radius;independent_domination_number;<=;['667/42', '-155/28', '7/12'];-61407/7000;3;Polynomial Regression;If G is a connected graph, claw_free, x = radius and y = independent_domination_number, then y(G) <= - 8.77 + 15.88 * x(G) - 5.54 * x(G)˛ + 0.58 * x(G)ł;REJECTED;;120;23,12;25;3;5;1;Filter + Tabu;FALSE;FALSE;FALSE;TRUE;FALSE;FALSE;FALSE;FALSE;FALSE;FALSE;FALSE;FALSE;FALSE;FALSE;TRUE;FALSE;FALSE;FALSE;FALSE;FALSE;FALSE;FALSE;FALSE;FALSE;FALSE
6179;If G is a connected graph, claw_free, x = maximum_degree and y = average_degree, then y(G) >= - 1/4 + 7/12 * x(G);['claw_free', 'connected'];maximum_degree;average_degree;>=;['7/12'];-1/4;1;Convex Hull;If G is a connected graph, claw_free, x = maximum_degree and y = average_degree, then y(G) >= - 0.25 + 0.58 * x(G);REJECTED;X~~~~~~~~~_G~}??_?G?@??C??G??F~sC??????G??@_??F~}_^;120;10,48;25;17;8,64;1;Filter + Tabu;FALSE;FALSE;FALSE;FALSE;FALSE;FALSE;TRUE;TRUE;FALSE;FALSE;FALSE;FALSE;FALSE;FALSE;FALSE;FALSE;FALSE;FALSE;FALSE;FALSE;FALSE;FALSE;FALSE;FALSE;FALSE
6180;If G is a connected graph, claw_free, x = maximum_degree and y = average_degree, then y(G) >= 4/9 + 4/9 * x(G);['claw_free', 'connected'];maximum_degree;average_degree;>=;['4/9'];4/9;1;Convex Hull;If G is a connected graph, claw_free, x = maximum_degree and y = average_degree, then y(G) >= 0.44 + 0.44 * x(G);REJECTED;;120;18,66;27;16;7,259259259;1;Filter + Tabu;FALSE;FALSE;FALSE;FALSE;FALSE;FALSE;TRUE;TRUE;FALSE;FALSE;FALSE;FALSE;FALSE;FALSE;FALSE;FALSE;FALSE;FALSE;FALSE;FALSE;FALSE;FALSE;FALSE;FALSE;FALSE
6181;If G is a connected graph, claw_free, x = maximum_degree and y = average_degree, then y(G) >= 1/6 + 37/72 * x(G);['claw_free', 'connected'];maximum_degree;average_degree;>=;['37/72'];1/6;1;Convex Hull;If G is a connected graph, claw_free, x = maximum_degree and y = average_degree, then y(G) >= 0.17 + 0.51 * x(G);REJECTED;;30;3,21;19;4;2,210526316;1;Filter + Tabu;FALSE;FALSE;FALSE;FALSE;FALSE;FALSE;TRUE;TRUE;FALSE;FALSE;FALSE;FALSE;FALSE;FALSE;FALSE;FALSE;FALSE;FALSE;FALSE;FALSE;FALSE;FALSE;FALSE;FALSE;FALSE
6182;If G is a connected graph, claw_free, x = maximum_degree and y = average_degree, then y(G) >= 130981/231000 + 9293/33264 * x(G) + 101/3024 * x(G)˛ - 1/792 * x(G)ł;['claw_free', 'connected'];maximum_degree;average_degree;>=;['9293/33264', '101/3024', '-1/792'];130981/231000;3;Polynomial Regression;If G is a connected graph, claw_free, x = maximum_degree and y = average_degree, then y(G) >= 0.57 + 0.28 * x(G) + 0.03 * x(G)˛;REJECTED;;60;6,42;9;6;3,111111111;1;Filter + Tabu;FALSE;FALSE;FALSE;FALSE;FALSE;FALSE;TRUE;TRUE;FALSE;FALSE;FALSE;FALSE;FALSE;FALSE;FALSE;FALSE;FALSE;FALSE;FALSE;FALSE;FALSE;FALSE;FALSE;FALSE;FALSE
6267;If G is a connected graph, claw_free, x = average_degree and y = maximum_degree, then y(G) <= 3/7 + 12/7 * x(G);['claw_free', 'connected'];average_degree;maximum_degree;<=;['12/7'];3/7;1;Convex Hull;If G is a connected graph, claw_free, x = average_degree and y = maximum_degree, then y(G) <= 0.43 + 1.71 * x(G);REJECTED;;90;5,53;16;5,375;10;1;Filter + Tabu;FALSE;FALSE;FALSE;FALSE;FALSE;FALSE;TRUE;TRUE;FALSE;FALSE;FALSE;FALSE;FALSE;FALSE;FALSE;FALSE;FALSE;FALSE;FALSE;FALSE;FALSE;FALSE;FALSE;FALSE;FALSE
6268;If G is a connected graph, claw_free, x = average_degree and y = maximum_degree, then y(G) <= - 1 + 9/4 * x(G);['claw_free', 'connected'];average_degree;maximum_degree;<=;['9/4'];-1;1;Convex Hull;If G is a connected graph, claw_free, x = average_degree and y = maximum_degree, then y(G) <= - 1 + 2.25 * x(G);REJECTED;;90;4,87;22;5,818181818;13;1;Filter + Tabu;FALSE;FALSE;FALSE;FALSE;FALSE;FALSE;TRUE;TRUE;FALSE;FALSE;FALSE;FALSE;FALSE;FALSE;FALSE;FALSE;FALSE;FALSE;FALSE;FALSE;FALSE;FALSE;FALSE;FALSE;FALSE
6269;If G is a connected graph, claw_free, x = average_degree and y = maximum_degree, then y(G) <= - 12/37 + 72/37 * x(G);['claw_free', 'connected'];average_degree;maximum_degree;<=;['72/37'];-12/37;1;Convex Hull;If G is a connected graph, claw_free, x = average_degree and y = maximum_degree, then y(G) <= - 0.32 + 1.95 * x(G);REJECTED;;180;18,47;18;3,555555556;7;1;Filter + Tabu;FALSE;FALSE;FALSE;FALSE;FALSE;FALSE;TRUE;TRUE;FALSE;FALSE;FALSE;FALSE;FALSE;FALSE;FALSE;FALSE;FALSE;FALSE;FALSE;FALSE;FALSE;FALSE;FALSE;FALSE;FALSE
6272;If G is a connected graph, claw_free, x = average_degree and y = clique_number, then y(G) <= - 2/5 + 9/5 * x(G);['claw_free', 'connected'];average_degree;clique_number;<=;['9/5'];-2/5;1;Convex Hull;If G is a connected graph, claw_free, x = average_degree and y = clique_number, then y(G) <= - 0.4 + 1.8 * x(G);REJECTED;;30;1,26;13;2,307692308;4;1;Filter + Tabu;FALSE;FALSE;FALSE;FALSE;FALSE;FALSE;FALSE;TRUE;TRUE;FALSE;FALSE;FALSE;FALSE;FALSE;FALSE;FALSE;FALSE;FALSE;FALSE;FALSE;FALSE;FALSE;FALSE;FALSE;FALSE
6278;If G is a connected graph, claw_free, x = average_degree and y = clique_number, then y(G) <= 696548/571895 + 293202/136243 * x(G) - 209954/937553 * x(G)˛ + 1851/143365 * x(G)ł;['claw_free', 'connected'];average_degree;clique_number;<=;['293202/136243', '-209954/937553', '1851/143365'];696548/571895;3;Polynomial Regression;If G is a connected graph, claw_free, x = average_degree and y = clique_number, then y(G) <= 1.22 + 2.15 * x(G) - 0.22 * x(G)˛ + 0.01 * x(G)ł;REJECTED;;30;1,99;17;7,882352941;11;1;Filter + Tabu;FALSE;FALSE;FALSE;FALSE;FALSE;FALSE;FALSE;TRUE;TRUE;FALSE;FALSE;FALSE;FALSE;FALSE;FALSE;FALSE;FALSE;FALSE;FALSE;FALSE;FALSE;FALSE;FALSE;FALSE;FALSE
6352;If G is a connected graph, claw_free, x = clique_number and y = average_degree, then y(G) >= 2/9 + 5/9 * x(G);['claw_free', 'connected'];clique_number;average_degree;>=;['5/9'];2/9;1;Convex Hull;If G is a connected graph, claw_free, x = clique_number and y = average_degree, then y(G) >= 0.22 + 0.56 * x(G);REJECTED;;60;3,62;11;5;2,909090909;1;Filter + Tabu;FALSE;FALSE;FALSE;FALSE;FALSE;FALSE;FALSE;TRUE;TRUE;FALSE;FALSE;FALSE;FALSE;FALSE;FALSE;FALSE;FALSE;FALSE;FALSE;FALSE;FALSE;FALSE;FALSE;FALSE;FALSE
6574;If G is a connected graph, claw_free, x = total_domination_number and y = independence_number, then y(G) <= 1 + x(G);['claw_free', 'connected'];total_domination_number;independence_number;<=;['1'];1;1;Convex Hull;If G is a connected graph, claw_free, x = total_domination_number and y = independence_number, then y(G) <= 1 + x(G);REJECTED;;600;165,78;18;6;8;1;Filter + Tabu;FALSE;FALSE;FALSE;FALSE;FALSE;FALSE;FALSE;FALSE;FALSE;FALSE;FALSE;TRUE;TRUE;FALSE;FALSE;FALSE;FALSE;FALSE;FALSE;FALSE;FALSE;FALSE;FALSE;FALSE;FALSE
6582;If G is a connected graph, claw_free, x = total_domination_number and y = matching_number, then y(G) >= - 1 + x(G);['claw_free', 'connected'];total_domination_number;matching_number;>=;['1'];-1;1;Convex Hull;If G is a connected graph, claw_free, x = total_domination_number and y = matching_number, then y(G) >= - 1 + x(G);REJECTED;;780;141,88;17;10;8;1;Filter + Tabu;FALSE;FALSE;FALSE;FALSE;FALSE;FALSE;FALSE;FALSE;FALSE;FALSE;FALSE;TRUE;FALSE;FALSE;FALSE;TRUE;FALSE;FALSE;FALSE;FALSE;FALSE;FALSE;FALSE;FALSE;FALSE
6903;If G is a connected graph, claw_free, x = matching_number and y = total_domination_number, then y(G) <= 1 + x(G);['claw_free', 'connected'];matching_number;total_domination_number;<=;['1'];1;1;Convex Hull;If G is a connected graph, claw_free, x = matching_number and y = total_domination_number, then y(G) <= 1 + x(G);REJECTED;;330;81,87;19;9;11;1;Filter + Tabu;FALSE;FALSE;FALSE;FALSE;FALSE;FALSE;FALSE;FALSE;FALSE;FALSE;FALSE;TRUE;FALSE;FALSE;FALSE;TRUE;FALSE;FALSE;FALSE;FALSE;FALSE;FALSE;FALSE;FALSE;FALSE
688;If G is a connected graph, x = density and y = proximity, then y(G) >= 98/153 * x(G);['connected'];density;proximity;>=;['98/153'];0;1;Convex Hull;If G is a connected graph, x = density and y = proximity, then y(G) >= 0.64 * x(G);REJECTED;;30;0,01;14;0,637362637;0,282608696;1;Filter + Tabu;FALSE;FALSE;FALSE;FALSE;TRUE;FALSE;FALSE;FALSE;FALSE;FALSE;FALSE;FALSE;FALSE;FALSE;FALSE;FALSE;FALSE;FALSE;FALSE;FALSE;TRUE;FALSE;FALSE;FALSE;FALSE
713;If G is a connected graph, x = density and y = remoteness, then y(G) >= - 52151/672841 + 32707/15661 * x(G) - 1003885/407224 * x(G)˛ + 1327461/986882 * x(G)ł;['connected'];density;remoteness;>=;['32707/15661', '-1003885/407224', '1327461/986882'];-52151/672841;3;Polynomial Regression;If G is a connected graph, x = density and y = remoteness, then y(G) >= - 0.08 + 2.09 * x(G) - 2.47 * x(G)˛ + 1.35 * x(G)ł;REJECTED;;1080;1,07;21;0,40952381;0,444444444;1;Filter + Tabu;FALSE;FALSE;FALSE;FALSE;TRUE;FALSE;FALSE;FALSE;FALSE;FALSE;FALSE;FALSE;FALSE;FALSE;FALSE;FALSE;FALSE;FALSE;FALSE;FALSE;FALSE;TRUE;FALSE;FALSE;FALSE
737;If G is a connected graph, x = density and y = second_smallest_laplace_eigenvalue, then y(G) >= - 140492/481757 + 768435/626984 * x(G);['connected'];density;second_smallest_laplace_eigenvalue;>=;['768435/626984'];-140492/481757;1;Convex Hull;If G is a connected graph, x = density and y = second_smallest_laplace_eigenvalue, then y(G) >= - 0.29 + 1.23 * x(G);REJECTED;;30;2,07;14;0,538461538;0,181533467;1;Filter + Tabu;FALSE;FALSE;FALSE;FALSE;TRUE;FALSE;FALSE;FALSE;FALSE;FALSE;FALSE;FALSE;FALSE;FALSE;FALSE;FALSE;FALSE;FALSE;FALSE;FALSE;FALSE;FALSE;FALSE;FALSE;TRUE
1021;If G is a connected graph, x = average_degree and y = triangle_number, then y(G) >= - 225/2 + 45/2 * x(G);['connected'];average_degree;triangle_number;>=;['45/2'];-225/2;1;Convex Hull;If G is a connected graph, x = average_degree and y = triangle_number, then y(G) >= - 112.5 + 22.5 * x(G);REJECTED;;8100;6,23;13;6,461538462;32;1;Filter + Tabu;FALSE;FALSE;FALSE;FALSE;FALSE;FALSE;FALSE;TRUE;FALSE;TRUE;FALSE;FALSE;FALSE;FALSE;FALSE;FALSE;FALSE;FALSE;FALSE;FALSE;FALSE;FALSE;FALSE;FALSE;FALSE
1337;If G is a connected graph, x = triangle_number and y = average_degree, then y(G) <= 5 + 2/45 * x(G);['connected'];triangle_number;average_degree;<=;['2/45'];5;1;Convex Hull;If G is a connected graph, x = triangle_number and y = average_degree, then y(G) <= 5 + 0.04 * x(G);REJECTED;;8400;6,5;13;25;6,153846154;1;Filter + Tabu;FALSE;FALSE;FALSE;FALSE;FALSE;FALSE;FALSE;TRUE;FALSE;TRUE;FALSE;FALSE;FALSE;FALSE;FALSE;FALSE;FALSE;FALSE;FALSE;FALSE;FALSE;FALSE;FALSE;FALSE;FALSE
1591;If G is a connected graph, x = total_domination_number and y = proximity, then y(G) >= 15/28 - 9/112 * x(G);['connected'];total_domination_number;proximity;>=;['-9/112'];15/28;1;Convex Hull;If G is a connected graph, x = total_domination_number and y = proximity, then y(G) >= 0.54 - 0.08 * x(G);REJECTED;;30;1,38;15;2;0,358974359;1;Filter + Tabu;FALSE;FALSE;FALSE;FALSE;FALSE;FALSE;FALSE;FALSE;FALSE;FALSE;FALSE;TRUE;FALSE;FALSE;FALSE;FALSE;FALSE;FALSE;FALSE;FALSE;TRUE;FALSE;FALSE;FALSE;FALSE
1729;If G is a connected graph, x = independence_number and y = proximity, then y(G) >= 2/5 - 1/25 * x(G);['connected'];independence_number;proximity;>=;['-1/25'];2/5;1;Convex Hull;If G is a connected graph, x = independence_number and y = proximity, then y(G) >= 0.4 - 0.04 * x(G);REJECTED;;180;9,46;13;5;0,1875;1;Filter + Tabu;FALSE;FALSE;FALSE;FALSE;FALSE;FALSE;FALSE;FALSE;FALSE;FALSE;FALSE;FALSE;TRUE;FALSE;FALSE;FALSE;FALSE;FALSE;FALSE;FALSE;TRUE;FALSE;FALSE;FALSE;FALSE
1793;If G is a connected graph, x = independence_number and y = second_smallest_laplace_eigenvalue, then y(G) >= 247857/776608 - 20663/466926 * x(G);['connected'];independence_number;second_smallest_laplace_eigenvalue;>=;['-20663/466926'];247857/776608;1;Convex Hull;If G is a connected graph, x = independence_number and y = second_smallest_laplace_eigenvalue, then y(G) >= 0.32 - 0.04 * x(G);REJECTED;;930;63,46;11;4;0,105393414;1;Filter + Tabu;FALSE;FALSE;FALSE;FALSE;FALSE;FALSE;FALSE;FALSE;FALSE;FALSE;FALSE;FALSE;TRUE;FALSE;FALSE;FALSE;FALSE;FALSE;FALSE;FALSE;FALSE;FALSE;FALSE;FALSE;TRUE
1892;If G is a connected graph, x = vertex_cover_number and y = total_domination_number, then y(G) <= 2 + x(G);['connected'];vertex_cover_number;total_domination_number;<=;['1'];2;1;Convex Hull;If G is a connected graph, x = vertex_cover_number and y = total_domination_number, then y(G) <= 2 + x(G);REJECTED;;390;48,73;28;8;11;1;Filter + Tabu;FALSE;FALSE;FALSE;FALSE;FALSE;FALSE;FALSE;FALSE;FALSE;FALSE;FALSE;TRUE;FALSE;TRUE;FALSE;FALSE;FALSE;FALSE;FALSE;FALSE;FALSE;FALSE;FALSE;FALSE;FALSE
1917;If G is a connected graph, x = vertex_cover_number and y = proximity, then y(G) >= 57/130 - 9/130 * x(G);['connected'];vertex_cover_number;proximity;>=;['-9/130'];57/130;1;Convex Hull;If G is a connected graph, x = vertex_cover_number and y = proximity, then y(G) >= 0.44 - 0.07 * x(G);REJECTED;;120;6,8;19;3;0,193548387;1;Filter + Tabu;FALSE;FALSE;FALSE;FALSE;FALSE;FALSE;FALSE;FALSE;FALSE;FALSE;FALSE;FALSE;FALSE;TRUE;FALSE;FALSE;FALSE;FALSE;FALSE;FALSE;TRUE;FALSE;FALSE;FALSE;FALSE
1919;If G is a connected graph, x = vertex_cover_number and y = proximity, then y(G) >= 177/572 - 15/572 * x(G);['connected'];vertex_cover_number;proximity;>=;['-15/572'];177/572;1;Convex Hull;If G is a connected graph, x = vertex_cover_number and y = proximity, then y(G) >= 0.31 - 0.03 * x(G);REJECTED;;30;1,87;21;5;0,168067227;1;Filter + Tabu;FALSE;FALSE;FALSE;FALSE;FALSE;FALSE;FALSE;FALSE;FALSE;FALSE;FALSE;FALSE;FALSE;TRUE;FALSE;FALSE;FALSE;FALSE;FALSE;FALSE;TRUE;FALSE;FALSE;FALSE;FALSE
2129;If G is a connected graph, x = matching_number and y = proximity, then y(G) >= 57/130 - 9/130 * x(G);['connected'];matching_number;proximity;>=;['-9/130'];57/130;1;Convex Hull;If G is a connected graph, x = matching_number and y = proximity, then y(G) >= 0.44 - 0.07 * x(G);REJECTED;;30;1,58;15;2;0,28;1;Filter + Tabu;FALSE;FALSE;FALSE;FALSE;FALSE;FALSE;FALSE;FALSE;FALSE;FALSE;FALSE;FALSE;FALSE;FALSE;FALSE;TRUE;FALSE;FALSE;FALSE;FALSE;TRUE;FALSE;FALSE;FALSE;FALSE
2131;If G is a connected graph, x = matching_number and y = proximity, then y(G) >= 177/572 - 15/572 * x(G);['connected'];matching_number;proximity;>=;['-15/572'];177/572;1;Convex Hull;If G is a connected graph, x = matching_number and y = proximity, then y(G) >= 0.31 - 0.03 * x(G);REJECTED;;90;4,75;21;4;0,188679245;1;Filter + Tabu;FALSE;FALSE;FALSE;FALSE;FALSE;FALSE;FALSE;FALSE;FALSE;FALSE;FALSE;FALSE;FALSE;FALSE;FALSE;TRUE;FALSE;FALSE;FALSE;FALSE;TRUE;FALSE;FALSE;FALSE;FALSE
2252;If G is a connected graph, x = randic_index and y = total_domination_number, then y(G) <= 6929257/963766 + 1308631/631598 * x(G) - 72533/159523 * x(G)˛ + 18001/599095 * x(G)ł;['connected'];randic_index;total_domination_number;<=;['1308631/631598', '-72533/159523', '18001/599095'];6929257/963766;3;Polynomial Regression;If G is a connected graph, x = randic_index and y = total_domination_number, then y(G) <= 7.19 + 2.07 * x(G) - 0.45 * x(G)˛ + 0.03 * x(G)ł;REJECTED;;600;35,07;19;8,916809873;11;1;Filter + Tabu;FALSE;FALSE;FALSE;FALSE;FALSE;FALSE;FALSE;FALSE;FALSE;FALSE;FALSE;TRUE;FALSE;FALSE;FALSE;FALSE;TRUE;FALSE;FALSE;FALSE;FALSE;FALSE;FALSE;FALSE;FALSE
2882;If G is a connected graph, x = second_zagreb_index and y = independent_domination_number, then y(G) <= 17/12 + 1/12 * x(G);['connected'];second_zagreb_index;independent_domination_number;<=;['1/12'];17/12;1;Convex Hull;If G is a connected graph, x = second_zagreb_index and y = independent_domination_number, then y(G) <= 1.42 + 0.08 * x(G);REJECTED;;840;57,71;23;90;9;1;Filter + Tabu;FALSE;FALSE;FALSE;FALSE;FALSE;FALSE;FALSE;FALSE;FALSE;FALSE;FALSE;FALSE;FALSE;FALSE;TRUE;FALSE;FALSE;FALSE;FALSE;TRUE;FALSE;FALSE;FALSE;FALSE;FALSE
3144;If G is a connected graph, x = proximity and y = total_domination_number, then y(G) >= 20/3 - 112/9 * x(G);['connected'];proximity;total_domination_number;>=;['-112/9'];20/3;1;Convex Hull;If G is a connected graph, x = proximity and y = total_domination_number, then y(G) >= 6.67 - 12.44 * x(G);REJECTED;;30;1,73;13;0,363636364;2;1;Filter + Tabu;FALSE;FALSE;FALSE;FALSE;FALSE;FALSE;FALSE;FALSE;FALSE;FALSE;FALSE;TRUE;FALSE;FALSE;FALSE;FALSE;FALSE;FALSE;FALSE;FALSE;TRUE;FALSE;FALSE;FALSE;FALSE
3157;If G is a connected graph, x = proximity and y = matching_number, then y(G) >= 59/5 - 572/15 * x(G);['connected'];proximity;matching_number;>=;['-572/15'];59/5;1;Convex Hull;If G is a connected graph, x = proximity and y = matching_number, then y(G) >= 11.8 - 38.13 * x(G);REJECTED;;30;1,43;12;0,169230769;5;1;Filter + Tabu;FALSE;FALSE;FALSE;FALSE;FALSE;FALSE;FALSE;FALSE;FALSE;FALSE;FALSE;FALSE;FALSE;FALSE;FALSE;TRUE;FALSE;FALSE;FALSE;FALSE;TRUE;FALSE;FALSE;FALSE;FALSE
3191;If G is a connected graph, x = proximity and y = vertex_cover_number, then y(G) >= 19/3 - 130/9 * x(G);['connected'];proximity;vertex_cover_number;>=;['-130/9'];19/3;1;Convex Hull;If G is a connected graph, x = proximity and y = vertex_cover_number, then y(G) >= 6.33 - 14.44 * x(G);REJECTED;;30;1,78;15;0,202898551;3;1;Filter + Tabu;FALSE;FALSE;FALSE;FALSE;FALSE;FALSE;FALSE;FALSE;FALSE;FALSE;FALSE;FALSE;FALSE;TRUE;FALSE;FALSE;FALSE;FALSE;FALSE;FALSE;TRUE;FALSE;FALSE;FALSE;FALSE
3193;If G is a connected graph, x = proximity and y = vertex_cover_number, then y(G) >= 59/5 - 572/15 * x(G);['connected'];proximity;vertex_cover_number;>=;['-572/15'];59/5;1;Convex Hull;If G is a connected graph, x = proximity and y = vertex_cover_number, then y(G) >= 11.8 - 38.13 * x(G);REJECTED;;30;1,84;16;0,166666667;5;1;Filter + Tabu;FALSE;FALSE;FALSE;FALSE;FALSE;FALSE;FALSE;FALSE;FALSE;FALSE;FALSE;FALSE;FALSE;TRUE;FALSE;FALSE;FALSE;FALSE;FALSE;FALSE;TRUE;FALSE;FALSE;FALSE;FALSE
3368;If G is a connected graph, x = remoteness and y = matching_number, then y(G) >= 502194/27901 - 61269445/912567 * x(G) + 30839049/348815 * x(G)˛ - 5569307/141716 * x(G)ł;['connected'];remoteness;matching_number;>=;['-61269445/912567', '30839049/348815', '-5569307/141716'];502194/27901;3;Polynomial Regression;If G is a connected graph, x = remoteness and y = matching_number, then y(G) >= 18.0 - 67.14 * x(G) + 88.41 * x(G)˛ - 39.3 * x(G)ł;REJECTED;;840;57,36;21;0,24691358;6;1;Filter + Tabu;FALSE;FALSE;FALSE;FALSE;FALSE;FALSE;FALSE;FALSE;FALSE;FALSE;FALSE;FALSE;FALSE;FALSE;FALSE;TRUE;FALSE;FALSE;FALSE;FALSE;FALSE;TRUE;FALSE;FALSE;FALSE
3384;If G is a connected graph, x = remoteness and y = vertex_cover_number, then y(G) >= 502194/27901 - 61269445/912567 * x(G) + 30839049/348815 * x(G)˛ - 5569307/141716 * x(G)ł;['connected'];remoteness;vertex_cover_number;>=;['-61269445/912567', '30839049/348815', '-5569307/141716'];502194/27901;3;Polynomial Regression;If G is a connected graph, x = remoteness and y = vertex_cover_number, then y(G) >= 18.0 - 67.14 * x(G) + 88.41 * x(G)˛ - 39.3 * x(G)ł;REJECTED;;810;50,8;14;0,325;4;1;Filter + Tabu;FALSE;FALSE;FALSE;FALSE;FALSE;FALSE;FALSE;FALSE;FALSE;FALSE;FALSE;FALSE;FALSE;TRUE;FALSE;FALSE;FALSE;FALSE;FALSE;FALSE;FALSE;TRUE;FALSE;FALSE;FALSE
3550;If G is a connected graph, x = largest_eigenvalue and y = triangle_number, then y(G) <= 5306234/359925 + 3381239/769239 * x(G) - 156301/129798 * x(G)˛ + 193839/770395 * x(G)ł;['connected'];largest_eigenvalue;triangle_number;<=;['3381239/769239', '-156301/129798', '193839/770395'];5306234/359925;3;Polynomial Regression;If G is a connected graph, x = largest_eigenvalue and y = triangle_number, then y(G) <= 14.74 + 4.4 * x(G) - 1.2 * x(G)˛ + 0.25 * x(G)ł;REJECTED;;1110;1,74;31;5,670066396;62;1;Filter + Tabu;FALSE;FALSE;FALSE;FALSE;FALSE;FALSE;FALSE;FALSE;FALSE;TRUE;FALSE;FALSE;FALSE;FALSE;FALSE;FALSE;FALSE;FALSE;FALSE;FALSE;FALSE;FALSE;TRUE;FALSE;FALSE
3961;If G is a connected graph, x = second_smallest_laplace_eigenvalue and y = average_degree, then y(G) <= 3815729/366403 + 512942/427425 * x(G) - 76519/779410 * x(G)˛ + 3112/494493 * x(G)ł;['connected'];second_smallest_laplace_eigenvalue;average_degree;<=;['512942/427425', '-76519/779410', '3112/494493'];3815729/366403;3;Polynomial Regression;If G is a connected graph, x = second_smallest_laplace_eigenvalue and y = average_degree, then y(G) <= 10.41 + 1.2 * x(G) - 0.1 * x(G)˛ + 0.01 * x(G)ł;REJECTED;;1980;4,02;17;0,307701486;11,17647059;1;Filter + Tabu;FALSE;FALSE;FALSE;FALSE;FALSE;FALSE;FALSE;TRUE;FALSE;FALSE;FALSE;FALSE;FALSE;FALSE;FALSE;FALSE;FALSE;FALSE;FALSE;FALSE;FALSE;FALSE;FALSE;FALSE;TRUE
3979;If G is a connected graph, x = second_smallest_laplace_eigenvalue and y = independence_number, then y(G) >= 6851575/950028 - 19192437/849328 * x(G);['connected'];second_smallest_laplace_eigenvalue;independence_number;>=;['-19192437/849328'];6851575/950028;1;Convex Hull;If G is a connected graph, x = second_smallest_laplace_eigenvalue and y = independence_number, then y(G) >= 7.21 - 22.6 * x(G);REJECTED;;120;8,4;13;0,082237844;5;1;Filter + Tabu;FALSE;FALSE;FALSE;FALSE;FALSE;FALSE;FALSE;FALSE;FALSE;FALSE;FALSE;FALSE;TRUE;FALSE;FALSE;FALSE;FALSE;FALSE;FALSE;FALSE;FALSE;FALSE;FALSE;FALSE;TRUE
4288;If G is a connected graph, tree, x = diameter and y = second_smallest_laplace_eigenvalue, then y(G) >= 1559831/570111 - 277470/192521 * x(G) + 35982/155885 * x(G)˛ - 4593/386683 * x(G)ł;['connected', 'tree'];diameter;second_smallest_laplace_eigenvalue;>=;['-277470/192521', '35982/155885', '-4593/386683'];1559831/570111;3;Polynomial Regression;If G is a connected graph, tree, x = diameter and y = second_smallest_laplace_eigenvalue, then y(G) >= 2.74 - 1.44 * x(G) + 0.23 * x(G)˛ - 0.01 * x(G)ł;REJECTED;;2100;6,74;23;3;0,163181809;1;Filter + Tabu;FALSE;FALSE;TRUE;FALSE;FALSE;FALSE;FALSE;FALSE;FALSE;FALSE;FALSE;FALSE;FALSE;FALSE;FALSE;FALSE;FALSE;FALSE;FALSE;FALSE;FALSE;FALSE;FALSE;FALSE;TRUE
5381;If G is a connected graph, tree, x = proximity and y = remoteness, then y(G) >= 9/418 + 609/418 * x(G);['connected', 'tree'];proximity;remoteness;>=;['609/418'];9/418;1;Convex Hull;If G is a connected graph, tree, x = proximity and y = remoteness, then y(G) >= 0.02 + 1.46 * x(G);REJECTED;;330;0,3;18;0,171717172;0,26984127;1;Filter + Tabu;FALSE;FALSE;FALSE;FALSE;FALSE;FALSE;FALSE;FALSE;FALSE;FALSE;FALSE;FALSE;FALSE;FALSE;FALSE;FALSE;FALSE;FALSE;FALSE;FALSE;TRUE;TRUE;FALSE;FALSE;FALSE
5421;If G is a connected graph, tree, x = remoteness and y = domination_number, then y(G) >= 2448218/179061 - 35078239/654252 * x(G) + 68742285/912389 * x(G)˛ - 34991613/988898 * x(G)ł;['connected', 'tree'];remoteness;domination_number;>=;['-35078239/654252', '68742285/912389', '-34991613/988898'];2448218/179061;3;Polynomial Regression;If G is a connected graph, tree, x = remoteness and y = domination_number, then y(G) >= 13.67 - 53.62 * x(G) + 75.34 * x(G)˛ - 35.38 * x(G)ł;REJECTED;;570;37,38;19;0,225;5;1;Filter + Tabu;FALSE;FALSE;FALSE;FALSE;FALSE;FALSE;FALSE;FALSE;FALSE;FALSE;TRUE;FALSE;FALSE;FALSE;FALSE;FALSE;FALSE;FALSE;FALSE;FALSE;FALSE;TRUE;FALSE;FALSE;FALSE
5968;If G is a connected graph, claw_free, x = diameter and y = proximity, then y(G) >= 1283/3225 - 76/3225 * x(G);['claw_free', 'connected'];diameter;proximity;>=;['-76/3225'];1283/3225;1;Convex Hull;If G is a connected graph, claw_free, x = diameter and y = proximity, then y(G) >= 0.4 - 0.02 * x(G);REJECTED;;30;0,79;13;6;0,210526316;1;Filter + Tabu;FALSE;FALSE;TRUE;FALSE;FALSE;FALSE;FALSE;FALSE;FALSE;FALSE;FALSE;FALSE;FALSE;FALSE;FALSE;FALSE;FALSE;FALSE;FALSE;FALSE;TRUE;FALSE;FALSE;FALSE;FALSE
5983;If G is a connected graph, claw_free, x = diameter and y = second_smallest_laplace_eigenvalue, then y(G) >= 137013/438368 - 10167/402944 * x(G);['claw_free', 'connected'];diameter;second_smallest_laplace_eigenvalue;>=;['-10167/402944'];137013/438368;1;Convex Hull;If G is a connected graph, claw_free, x = diameter and y = second_smallest_laplace_eigenvalue, then y(G) >= 0.31 - 0.03 * x(G);REJECTED;;60;3,33;9;7;0,128875099;1;Filter + Tabu;FALSE;FALSE;TRUE;FALSE;FALSE;FALSE;FALSE;FALSE;FALSE;FALSE;FALSE;FALSE;FALSE;FALSE;FALSE;FALSE;FALSE;FALSE;FALSE;FALSE;FALSE;FALSE;FALSE;FALSE;TRUE
6011;If G is a connected graph, claw_free, x = radius and y = remoteness, then y(G) >= 239/345 - 26/345 * x(G);['claw_free', 'connected'];radius;remoteness;>=;['-26/345'];239/345;1;Convex Hull;If G is a connected graph, claw_free, x = radius and y = remoteness, then y(G) >= 0.69 - 0.08 * x(G);REJECTED;;360;71,31;15;5;0,291666667;1;Filter + Tabu;FALSE;FALSE;FALSE;TRUE;FALSE;FALSE;FALSE;FALSE;FALSE;FALSE;FALSE;FALSE;FALSE;FALSE;FALSE;FALSE;FALSE;FALSE;FALSE;FALSE;FALSE;TRUE;FALSE;FALSE;FALSE
6013;If G is a connected graph, claw_free, x = radius and y = remoteness, then y(G) >= 279709/161000 - 57877/57960 * x(G) + 12073/48300 * x(G)˛ - 883/41400 * x(G)ł;['claw_free', 'connected'];radius;remoteness;>=;['-57877/57960', '12073/48300', '-883/41400'];279709/161000;3;Polynomial Regression;If G is a connected graph, claw_free, x = radius and y = remoteness, then y(G) >= 1.74 - 1.0 * x(G) + 0.25 * x(G)˛ - 0.02 * x(G)ł;REJECTED;;150;11,57;10;4;0,375;1;Filter + Tabu;FALSE;FALSE;FALSE;TRUE;FALSE;FALSE;FALSE;FALSE;FALSE;FALSE;FALSE;FALSE;FALSE;FALSE;FALSE;FALSE;FALSE;FALSE;FALSE;FALSE;FALSE;TRUE;FALSE;FALSE;FALSE
6020;If G is a connected graph, claw_free, x = radius and y = second_smallest_laplace_eigenvalue, then y(G) >= 260703/778744 - 19190/342563 * x(G);['claw_free', 'connected'];radius;second_smallest_laplace_eigenvalue;>=;['-19190/342563'];260703/778744;1;Convex Hull;If G is a connected graph, claw_free, x = radius and y = second_smallest_laplace_eigenvalue, then y(G) >= 0.33 - 0.06 * x(G);REJECTED;;30;2,49;12;3;0,164267773;1;Filter + Tabu;FALSE;FALSE;FALSE;TRUE;FALSE;FALSE;FALSE;FALSE;FALSE;FALSE;FALSE;FALSE;FALSE;FALSE;FALSE;FALSE;FALSE;FALSE;FALSE;FALSE;FALSE;FALSE;FALSE;FALSE;TRUE
6124;If G is a connected graph, claw_free, x = density and y = remoteness, then y(G) <= 17/59 + 378/295 * x(G);['claw_free', 'connected'];density;remoteness;<=;['378/295'];17/59;1;Convex Hull;If G is a connected graph, claw_free, x = density and y = remoteness, then y(G) <= 0.29 + 1.28 * x(G);REJECTED;;90;5,91;17;0,389705882;0,8;1;Filter + Tabu;FALSE;FALSE;FALSE;FALSE;TRUE;FALSE;FALSE;FALSE;FALSE;FALSE;FALSE;FALSE;FALSE;FALSE;FALSE;FALSE;FALSE;FALSE;FALSE;FALSE;FALSE;TRUE;FALSE;FALSE;FALSE
6270;If G is a connected graph, claw_free, x = average_degree and y = maximum_degree, then y(G) <= 1454650/972317 + 2977288/942595 * x(G) - 282400/897043 * x(G)˛ + 202/17651 * x(G)ł;['claw_free', 'connected'];average_degree;maximum_degree;<=;['2977288/942595', '-282400/897043', '202/17651'];1454650/972317;3;Polynomial Regression;If G is a connected graph, claw_free, x = average_degree and y = maximum_degree, then y(G) <= 1.5 + 3.16 * x(G) - 0.31 * x(G)˛ + 0.01 * x(G)ł;REJECTED;;90;7,24;20;11;15;1;Filter + Tabu;FALSE;FALSE;FALSE;FALSE;FALSE;FALSE;TRUE;TRUE;FALSE;FALSE;FALSE;FALSE;FALSE;FALSE;FALSE;FALSE;FALSE;FALSE;FALSE;FALSE;FALSE;FALSE;FALSE;FALSE;FALSE
6351;If G is a connected graph, claw_free, x = clique_number and y = maximum_degree, then y(G) <= - 1751731/231000 + 19925/2772 * x(G) - 871/924 * x(G)˛ + 4/99 * x(G)ł;['claw_free', 'connected'];clique_number;maximum_degree;<=;['19925/2772', '-871/924', '4/99'];-1751731/231000;3;Polynomial Regression;If G is a connected graph, claw_free, x = clique_number and y = maximum_degree, then y(G) <= - 7.58 + 7.19 * x(G) - 0.94 * x(G)˛ + 0.04 * x(G)ł;REJECTED;;120;8,85;15;12;13;1;Filter + Tabu;FALSE;FALSE;FALSE;FALSE;FALSE;FALSE;TRUE;FALSE;TRUE;FALSE;FALSE;FALSE;FALSE;FALSE;FALSE;FALSE;FALSE;FALSE;FALSE;FALSE;FALSE;FALSE;FALSE;FALSE;FALSE
6466;If G is a connected graph, claw_free, x = triangle_number and y = largest_eigenvalue, then y(G) <= 2060411/341361 + 16152/649175 * x(G);['claw_free', 'connected'];triangle_number;largest_eigenvalue;<=;['16152/649175'];2060411/341361;1;Convex Hull;If G is a connected graph, claw_free, x = triangle_number and y = largest_eigenvalue, then y(G) <= 6.04 + 0.02 * x(G);REJECTED;;60;4,07;15;120;9,022506767;1;Filter + Tabu;FALSE;FALSE;FALSE;FALSE;FALSE;FALSE;FALSE;FALSE;FALSE;TRUE;FALSE;FALSE;FALSE;FALSE;FALSE;FALSE;FALSE;FALSE;FALSE;FALSE;FALSE;FALSE;TRUE;FALSE;FALSE
6472;If G is a connected graph, claw_free, x = triangle_number and y = largest_eigenvalue, then y(G) <= 1358483/228887 + 21339/822953 * x(G);['claw_free', 'connected'];triangle_number;largest_eigenvalue;<=;['21339/822953'];1358483/228887;1;Convex Hull;If G is a connected graph, claw_free, x = triangle_number and y = largest_eigenvalue, then y(G) <= 5.94 + 0.03 * x(G);REJECTED;;270;56,79;22;121;9,078680163;1;Filter + Tabu;FALSE;FALSE;FALSE;FALSE;FALSE;FALSE;FALSE;FALSE;FALSE;TRUE;FALSE;FALSE;FALSE;FALSE;FALSE;FALSE;FALSE;FALSE;FALSE;FALSE;FALSE;FALSE;TRUE;FALSE;FALSE
6617;If G is a connected graph, claw_free, x = total_domination_number and y = second_smallest_laplace_eigenvalue, then y(G) >= 177496/399195 - 69654/952879 * x(G);['claw_free', 'connected'];total_domination_number;second_smallest_laplace_eigenvalue;>=;['-69654/952879'];177496/399195;1;Convex Hull;If G is a connected graph, claw_free, x = total_domination_number and y = second_smallest_laplace_eigenvalue, then y(G) >= 0.44 - 0.07 * x(G);REJECTED;;30;2,87;14;4;0,114214957;1;Filter + Tabu;FALSE;FALSE;FALSE;FALSE;FALSE;FALSE;FALSE;FALSE;FALSE;FALSE;FALSE;TRUE;FALSE;FALSE;FALSE;FALSE;FALSE;FALSE;FALSE;FALSE;FALSE;FALSE;FALSE;FALSE;TRUE
7205;If G is a connected graph, claw_free, x = first_zagreb_index and y = second_zagreb_index, then y(G) >= - 7740/13 + 121/26 * x(G);['claw_free', 'connected'];first_zagreb_index;second_zagreb_index;>=;['121/26'];-7740/13;1;Convex Hull;If G is a connected graph, claw_free, x = first_zagreb_index and y = second_zagreb_index, then y(G) >= - 595.38 + 4.65 * x(G);REJECTED;RdGG?CB@wF_@?@??_???@??K??wA@w;120;8,73;19;226;456;1;Filter + Tabu;FALSE;FALSE;FALSE;FALSE;FALSE;FALSE;FALSE;FALSE;FALSE;FALSE;FALSE;FALSE;FALSE;FALSE;FALSE;FALSE;FALSE;FALSE;TRUE;TRUE;FALSE;FALSE;FALSE;FALSE;FALSE
7206;If G is a connected graph, claw_free, x = first_zagreb_index and y = second_zagreb_index, then y(G) >= - 3056/3 + 167/30 * x(G);['claw_free', 'connected'];first_zagreb_index;second_zagreb_index;>=;['167/30'];-3056/3;1;Convex Hull;If G is a connected graph, claw_free, x = first_zagreb_index and y = second_zagreb_index, then y(G) >= - 1018.67 + 5.57 * x(G);REJECTED;;90;8,32;16;518;1599;1;Filter + Tabu;FALSE;FALSE;FALSE;FALSE;FALSE;FALSE;FALSE;FALSE;FALSE;FALSE;FALSE;FALSE;FALSE;FALSE;FALSE;FALSE;FALSE;FALSE;TRUE;TRUE;FALSE;FALSE;FALSE;FALSE;FALSE
7212;If G is a connected graph, claw_free, x = first_zagreb_index and y = second_zagreb_index, then y(G) >= - 6860/9 + 91/18 * x(G);['claw_free', 'connected'];first_zagreb_index;second_zagreb_index;>=;['91/18'];-6860/9;1;Convex Hull;If G is a connected graph, claw_free, x = first_zagreb_index and y = second_zagreb_index, then y(G) >= - 762.22 + 5.06 * x(G);REJECTED;;90;7,51;18;476;1603;1;Filter + Tabu;FALSE;FALSE;FALSE;FALSE;FALSE;FALSE;FALSE;FALSE;FALSE;FALSE;FALSE;FALSE;FALSE;FALSE;FALSE;FALSE;FALSE;FALSE;TRUE;TRUE;FALSE;FALSE;FALSE;FALSE;FALSE
7213;If G is a connected graph, claw_free, x = first_zagreb_index and y = second_zagreb_index, then y(G) >= - 11276/15 + 151/30 * x(G);['claw_free', 'connected'];first_zagreb_index;second_zagreb_index;>=;['151/30'];-11276/15;1;Convex Hull;If G is a connected graph, claw_free, x = first_zagreb_index and y = second_zagreb_index, then y(G) >= - 751.73 + 5.03 * x(G);REJECTED;;240;40,76;14;378;1054;1;Filter + Tabu;FALSE;FALSE;FALSE;FALSE;FALSE;FALSE;FALSE;FALSE;FALSE;FALSE;FALSE;FALSE;FALSE;FALSE;FALSE;FALSE;FALSE;FALSE;TRUE;TRUE;FALSE;FALSE;FALSE;FALSE;FALSE
7565;If G is a connected graph, claw_free, x = largest_eigenvalue and y = triangle_number, then y(G) >= - 137633162/601297 + 18268793/473706 * x(G);['claw_free', 'connected'];largest_eigenvalue;triangle_number;>=;['18268793/473706'];-137633162/601297;1;Convex Hull;If G is a connected graph, claw_free, x = largest_eigenvalue and y = triangle_number, then y(G) >= - 228.89 + 38.57 * x(G);REJECTED;Q~~~~~~?G?_@?@|o??G?@??C??G;210;25,25;18;8,660913026;105;1;Filter + Tabu;FALSE;FALSE;FALSE;FALSE;FALSE;FALSE;FALSE;FALSE;FALSE;TRUE;FALSE;FALSE;FALSE;FALSE;FALSE;FALSE;FALSE;FALSE;FALSE;FALSE;FALSE;FALSE;TRUE;FALSE;FALSE
7566;If G is a connected graph, claw_free, x = largest_eigenvalue and y = triangle_number, then y(G) >= - 228237044/940829 + 28042053/697709 * x(G);['claw_free', 'connected'];largest_eigenvalue;triangle_number;>=;['28042053/697709'];-228237044/940829;1;Convex Hull;If G is a connected graph, claw_free, x = largest_eigenvalue and y = triangle_number, then y(G) >= - 242.59 + 40.19 * x(G);REJECTED;;60;6,25;15;9,022506767;120;1;Filter + Tabu;FALSE;FALSE;FALSE;FALSE;FALSE;FALSE;FALSE;FALSE;FALSE;TRUE;FALSE;FALSE;FALSE;FALSE;FALSE;FALSE;FALSE;FALSE;FALSE;FALSE;FALSE;FALSE;TRUE;FALSE;FALSE
7694;If G is a connected graph, claw_free, x = largest_distance_eigenvalue and y = proximity, then y(G) >= 346411/982152 - 4319/918263 * x(G);['claw_free', 'connected'];largest_distance_eigenvalue;proximity;>=;['-4319/918263'];346411/982152;1;Convex Hull;If G is a connected graph, claw_free, x = largest_distance_eigenvalue and y = proximity, then y(G) >= 0.35;REJECTED;HhCGGK@;90;4,79;9;24,91133373;0,235294118;1;Filter + Tabu;FALSE;FALSE;FALSE;FALSE;FALSE;FALSE;FALSE;FALSE;FALSE;FALSE;FALSE;FALSE;FALSE;FALSE;FALSE;FALSE;FALSE;FALSE;FALSE;FALSE;TRUE;FALSE;FALSE;TRUE;FALSE
7695;If G is a connected graph, claw_free, x = largest_distance_eigenvalue and y = proximity, then y(G) >= 252853/826154 - 2107/682257 * x(G);['claw_free', 'connected'];largest_distance_eigenvalue;proximity;>=;['-2107/682257'];252853/826154;1;Convex Hull;If G is a connected graph, claw_free, x = largest_distance_eigenvalue and y = proximity, then y(G) >= 0.31;REJECTED;;150;17,89;10;29,575134;0,214285714;1;Filter + Tabu;FALSE;FALSE;FALSE;FALSE;FALSE;FALSE;FALSE;FALSE;FALSE;FALSE;FALSE;FALSE;FALSE;FALSE;FALSE;FALSE;FALSE;FALSE;FALSE;FALSE;TRUE;FALSE;FALSE;TRUE;FALSE
7703;If G is a connected graph, claw_free, x = largest_distance_eigenvalue and y = second_smallest_laplace_eigenvalue, then y(G) >= 188690/873007 - 470/136499 * x(G);['claw_free', 'connected'];largest_distance_eigenvalue;second_smallest_laplace_eigenvalue;>=;['-470/136499'];188690/873007;1;Convex Hull;If G is a connected graph, claw_free, x = largest_distance_eigenvalue and y = second_smallest_laplace_eigenvalue, then y(G) >= 0.22;REJECTED;;630;78,49;10;32,50980943;0,102880019;1;Filter + Tabu;FALSE;FALSE;FALSE;FALSE;FALSE;FALSE;FALSE;FALSE;FALSE;FALSE;FALSE;FALSE;FALSE;FALSE;FALSE;FALSE;FALSE;FALSE;FALSE;FALSE;FALSE;FALSE;FALSE;TRUE;TRUE
7711;If G is a connected graph, claw_free, x = second_smallest_laplace_eigenvalue and y = diameter, then y(G) >= 5355713/432357 - 39231495/989881 * x(G);['claw_free', 'connected'];second_smallest_laplace_eigenvalue;diameter;>=;['-39231495/989881'];5355713/432357;1;Convex Hull;If G is a connected graph, claw_free, x = second_smallest_laplace_eigenvalue and y = diameter, then y(G) >= 12.39 - 39.63 * x(G);REJECTED;JHaO?CB?wV_;30;1,43;11;0,105393414;7;1;Filter + Tabu;FALSE;FALSE;TRUE;FALSE;FALSE;FALSE;FALSE;FALSE;FALSE;FALSE;FALSE;FALSE;FALSE;FALSE;FALSE;FALSE;FALSE;FALSE;FALSE;FALSE;FALSE;FALSE;FALSE;FALSE;TRUE
7712;If G is a connected graph, claw_free, x = second_smallest_laplace_eigenvalue and y = diameter, then y(G) >= 3309740/415047 - 587415/35242 * x(G);['claw_free', 'connected'];second_smallest_laplace_eigenvalue;diameter;>=;['-587415/35242'];3309740/415047;1;Convex Hull;If G is a connected graph, claw_free, x = second_smallest_laplace_eigenvalue and y = diameter, then y(G) >= 7.97 - 16.67 * x(G);REJECTED;;30;2,22;12;0,164267773;5;1;Filter + Tabu;FALSE;FALSE;TRUE;FALSE;FALSE;FALSE;FALSE;FALSE;FALSE;FALSE;FALSE;FALSE;FALSE;FALSE;FALSE;FALSE;FALSE;FALSE;FALSE;FALSE;FALSE;FALSE;FALSE;FALSE;TRUE
7713;If G is a connected graph, claw_free, x = second_smallest_laplace_eigenvalue and y = diameter, then y(G) >= 3011921/350995 - 3976171/206957 * x(G);['claw_free', 'connected'];second_smallest_laplace_eigenvalue;diameter;>=;['-3976171/206957'];3011921/350995;1;Convex Hull;If G is a connected graph, claw_free, x = second_smallest_laplace_eigenvalue and y = diameter, then y(G) >= 8.58 - 19.21 * x(G);REJECTED;;30;2,29;15;0,153025544;5;1;Filter + Tabu;FALSE;FALSE;TRUE;FALSE;FALSE;FALSE;FALSE;FALSE;FALSE;FALSE;FALSE;FALSE;FALSE;FALSE;FALSE;FALSE;FALSE;FALSE;FALSE;FALSE;FALSE;FALSE;FALSE;FALSE;TRUE
7718;If G is a connected graph, claw_free, x = second_smallest_laplace_eigenvalue and y = radius, then y(G) >= 4384876/823549 - 6532753/468567 * x(G);['claw_free', 'connected'];second_smallest_laplace_eigenvalue;radius;>=;['-6532753/468567'];4384876/823549;1;Convex Hull;If G is a connected graph, claw_free, x = second_smallest_laplace_eigenvalue and y = radius, then y(G) >= 5.32 - 13.94 * x(G);REJECTED;;120;12,27;20;0,101642524;3;1;Filter + Tabu;FALSE;FALSE;FALSE;TRUE;FALSE;FALSE;FALSE;FALSE;FALSE;FALSE;FALSE;FALSE;FALSE;FALSE;FALSE;FALSE;FALSE;FALSE;FALSE;FALSE;FALSE;FALSE;FALSE;FALSE;TRUE
7719;If G is a connected graph, claw_free, x = second_smallest_laplace_eigenvalue and y = radius, then y(G) >= 5794759/969658 - 16973595/950842 * x(G);['claw_free', 'connected'];second_smallest_laplace_eigenvalue;radius;>=;['-16973595/950842'];5794759/969658;1;Convex Hull;If G is a connected graph, claw_free, x = second_smallest_laplace_eigenvalue and y = radius, then y(G) >= 5.98 - 17.85 * x(G);REJECTED;;60;3,26;16;0,108254979;4;1;Filter + Tabu;FALSE;FALSE;FALSE;TRUE;FALSE;FALSE;FALSE;FALSE;FALSE;FALSE;FALSE;FALSE;FALSE;FALSE;FALSE;FALSE;FALSE;FALSE;FALSE;FALSE;FALSE;FALSE;FALSE;FALSE;TRUE
7732;If G is a connected graph, claw_free, x = second_smallest_laplace_eigenvalue and y = maximum_degree, then y(G) <= 8459147/721314 + 1143239/716098 * x(G) - 81349/469222 * x(G)˛ + 6765/973694 * x(G)ł;['claw_free', 'connected'];second_smallest_laplace_eigenvalue;maximum_degree;<=;['1143239/716098', '-81349/469222', '6765/973694'];8459147/721314;3;Polynomial Regression;If G is a connected graph, claw_free, x = second_smallest_laplace_eigenvalue and y = maximum_degree, then y(G) <= 11.73 + 1.6 * x(G) - 0.17 * x(G)˛ + 0.01 * x(G)ł;REJECTED;;30;1,83;19;0,103031307;14;1;Filter + Tabu;FALSE;FALSE;FALSE;FALSE;FALSE;FALSE;TRUE;FALSE;FALSE;FALSE;FALSE;FALSE;FALSE;FALSE;FALSE;FALSE;FALSE;FALSE;FALSE;FALSE;FALSE;FALSE;FALSE;FALSE;TRUE
7734;If G is a connected graph, claw_free, x = second_smallest_laplace_eigenvalue and y = average_degree, then y(G) <= 9658703/950884 + 51620/41767 * x(G) - 94401/956618 * x(G)˛ + 1144/242823 * x(G)ł;['claw_free', 'connected'];second_smallest_laplace_eigenvalue;average_degree;<=;['51620/41767', '-94401/956618', '1144/242823'];9658703/950884;3;Polynomial Regression;If G is a connected graph, claw_free, x = second_smallest_laplace_eigenvalue and y = average_degree, then y(G) <= 10.16 + 1.24 * x(G) - 0.1 * x(G)˛;REJECTED;;30;2,01;16;0,635901774;11,75;1;Filter + Tabu;FALSE;FALSE;FALSE;FALSE;FALSE;FALSE;FALSE;TRUE;FALSE;FALSE;FALSE;FALSE;FALSE;FALSE;FALSE;FALSE;FALSE;FALSE;FALSE;FALSE;FALSE;FALSE;FALSE;FALSE;TRUE
7743;If G is a connected graph, claw_free, x = second_smallest_laplace_eigenvalue and y = domination_number, then y(G) >= 3187508/714301 - 13077165/989881 * x(G);['claw_free', 'connected'];second_smallest_laplace_eigenvalue;domination_number;>=;['-13077165/989881'];3187508/714301;1;Convex Hull;If G is a connected graph, claw_free, x = second_smallest_laplace_eigenvalue and y = domination_number, then y(G) >= 4.46 - 13.21 * x(G);REJECTED;;60;8,67;18;0,103491369;3;1;Filter + Tabu;FALSE;FALSE;FALSE;FALSE;FALSE;FALSE;FALSE;FALSE;FALSE;FALSE;TRUE;FALSE;FALSE;FALSE;FALSE;FALSE;FALSE;FALSE;FALSE;FALSE;FALSE;FALSE;FALSE;FALSE;TRUE
7753;If G is a connected graph, claw_free, x = second_smallest_laplace_eigenvalue and y = total_domination_number, then y(G) >= 2527817/415576 - 5304461/387748 * x(G);['claw_free', 'connected'];second_smallest_laplace_eigenvalue;total_domination_number;>=;['-5304461/387748'];2527817/415576;1;Convex Hull;If G is a connected graph, claw_free, x = second_smallest_laplace_eigenvalue and y = total_domination_number, then y(G) >= 6.08 - 13.68 * x(G);REJECTED;;30;3,27;18;0,104620861;4;1;Filter + Tabu;FALSE;FALSE;FALSE;FALSE;FALSE;FALSE;FALSE;FALSE;FALSE;FALSE;FALSE;TRUE;FALSE;FALSE;FALSE;FALSE;FALSE;FALSE;FALSE;FALSE;FALSE;FALSE;FALSE;FALSE;TRUE
7773;If G is a connected graph, claw_free, x = second_smallest_laplace_eigenvalue and y = independent_domination_number, then y(G) >= 3187508/714301 - 13077165/989881 * x(G);['claw_free', 'connected'];second_smallest_laplace_eigenvalue;independent_domination_number;>=;['-13077165/989881'];3187508/714301;1;Convex Hull;If G is a connected graph, claw_free, x = second_smallest_laplace_eigenvalue and y = independent_domination_number, then y(G) >= 4.46 - 13.21 * x(G);REJECTED;;30;3,12;15;0,153025544;2;1;Filter + Tabu;FALSE;FALSE;FALSE;FALSE;FALSE;FALSE;FALSE;FALSE;FALSE;FALSE;FALSE;FALSE;FALSE;FALSE;TRUE;FALSE;FALSE;FALSE;FALSE;FALSE;FALSE;FALSE;FALSE;FALSE;TRUE
7811;If G is a connected graph, claw_free, x = second_smallest_laplace_eigenvalue and y = largest_eigenvalue, then y(G) <= 7476260/668301 + 637324/589067 * x(G) - 8054/100779 * x(G)˛ + 3662/934557 * x(G)ł;['claw_free', 'connected'];second_smallest_laplace_eigenvalue;largest_eigenvalue;<=;['637324/589067', '-8054/100779', '3662/934557'];7476260/668301;3;Polynomial Regression;If G is a connected graph, claw_free, x = second_smallest_laplace_eigenvalue and y = largest_eigenvalue, then y(G) <= 11.19 + 1.08 * x(G) - 0.08 * x(G)˛;REJECTED;;30;2,65;16;1;14,00478152;1;Filter + Tabu;FALSE;FALSE;FALSE;FALSE;FALSE;FALSE;FALSE;FALSE;FALSE;FALSE;FALSE;FALSE;FALSE;FALSE;FALSE;FALSE;FALSE;FALSE;FALSE;FALSE;FALSE;FALSE;TRUE;FALSE;TRUE
7813;If G is a connected graph, claw_free, x = second_smallest_laplace_eigenvalue and y = largest_distance_eigenvalue, then y(G) >= 59455506/947173 - 162298763/558835 * x(G);['claw_free', 'connected'];second_smallest_laplace_eigenvalue;largest_distance_eigenvalue;>=;['-162298763/558835'];59455506/947173;1;Convex Hull;If G is a connected graph, claw_free, x = second_smallest_laplace_eigenvalue and y = largest_distance_eigenvalue, then y(G) >= 62.77 - 290.42 * x(G);REJECTED;;150;12,01;10;0,102880019;32,50980943;1;Filter + Tabu;FALSE;FALSE;FALSE;FALSE;FALSE;FALSE;FALSE;FALSE;FALSE;FALSE;FALSE;FALSE;FALSE;FALSE;FALSE;FALSE;FALSE;FALSE;FALSE;FALSE;FALSE;FALSE;FALSE;TRUE;TRUE
